-- MySQL dump 10.13  Distrib 5.6.42, for Linux (x86_64)
--
-- Host: localhost    Database: heroku_4855659825122eb
-- ------------------------------------------------------
-- Server version	5.6.42-log

/*!40101 SET @OLD_CHARACTER_SET_CLIENT=@@CHARACTER_SET_CLIENT */;
/*!40101 SET @OLD_CHARACTER_SET_RESULTS=@@CHARACTER_SET_RESULTS */;
/*!40101 SET @OLD_COLLATION_CONNECTION=@@COLLATION_CONNECTION */;
/*!40101 SET NAMES utf8 */;
/*!40103 SET @OLD_TIME_ZONE=@@TIME_ZONE */;
/*!40103 SET TIME_ZONE='+00:00' */;
/*!40014 SET @OLD_UNIQUE_CHECKS=@@UNIQUE_CHECKS, UNIQUE_CHECKS=0 */;
/*!40014 SET @OLD_FOREIGN_KEY_CHECKS=@@FOREIGN_KEY_CHECKS, FOREIGN_KEY_CHECKS=0 */;
/*!40101 SET @OLD_SQL_MODE=@@SQL_MODE, SQL_MODE='NO_AUTO_VALUE_ON_ZERO' */;
/*!40111 SET @OLD_SQL_NOTES=@@SQL_NOTES, SQL_NOTES=0 */;

--
-- Table structure for table `barber`
--

DROP TABLE IF EXISTS `barber`;
/*!40101 SET @saved_cs_client     = @@character_set_client */;
/*!40101 SET character_set_client = utf8 */;
CREATE TABLE `barber` (
  `id` int(10) unsigned NOT NULL AUTO_INCREMENT,
  `firstname` varchar(255) NOT NULL,
  `surname` varchar(255) NOT NULL,
  PRIMARY KEY (`id`)
) ENGINE=InnoDB AUTO_INCREMENT=42 DEFAULT CHARSET=utf8;
/*!40101 SET character_set_client = @saved_cs_client */;

--
-- Dumping data for table `barber`
--

LOCK TABLES `barber` WRITE;
/*!40000 ALTER TABLE `barber` DISABLE KEYS */;
INSERT INTO `barber` VALUES (1,'Han','Solo'),(11,'Doctor','Who'),(21,'James','Kirk'),(31,'Jack','Sparrow'),(41,'Doctor','Who');
/*!40000 ALTER TABLE `barber` ENABLE KEYS */;
UNLOCK TABLES;

--
-- Table structure for table `customer`
--

DROP TABLE IF EXISTS `customer`;
/*!40101 SET @saved_cs_client     = @@character_set_client */;
/*!40101 SET character_set_client = utf8 */;
CREATE TABLE `customer` (
  `id` int(10) unsigned NOT NULL AUTO_INCREMENT,
  `firstname` varchar(255) NOT NULL,
  `surname` varchar(255) NOT NULL,
  `phone` varchar(50) NOT NULL,
  PRIMARY KEY (`id`),
  UNIQUE KEY `phone` (`phone`)
) ENGINE=InnoDB AUTO_INCREMENT=3622 DEFAULT CHARSET=utf8;
/*!40101 SET character_set_client = @saved_cs_client */;

--
-- Dumping data for table `customer`
--

LOCK TABLES `customer` WRITE;
/*!40000 ALTER TABLE `customer` DISABLE KEYS */;
INSERT INTO `customer` VALUES (1,'James','Kirk','+37060001701'),(10,'Ivah Kshlerin','Kohler','+9928715055738'),(11,'Kirk','Hammet','+37067333333'),(31,'James','Hetfield','+37066666666'),(51,'Lars','Ulrich','+37099999999'),(61,'Cliff','Burton','+37077777777'),(81,'Robert','Trujilio','+37055555555'),(91,'Han','Solo','+37022222222'),(101,'Kanan','Force','+37022222225'),(201,'Bro','Champs','+37022222999'),(221,'Yotumbo','Kamanu','869696969'),(231,'Kapitan','Kurla','897156472'),(241,'Nick','Cage','864512755'),(261,'Gray','Chapter','8620170918'),(271,'Grom','Thunder','8620180918'),(291,'Jericho','NotReally','86897777'),(301,'Coal','Burna','856666666'),(311,'Nicola','Tesla','8677777799'),(321,'Conrad','Sharp','+37065481681'),(331,'Liam','Quickly','865933223'),(341,'Elize','Fuer','86498483414'),(351,'James','Holden','865135131'),(361,'Avasarala','Golden','8618313183'),(381,'True','Detective','865761831'),(391,'Another','One','865221925'),(431,'Jean Michelle','Jarre','8602020202'),(441,'Forest','Running','8673373373'),(451,'Jack','TheR','8677777779'),(461,'Albert','Cantstein','846113515'),(471,'Micko','Careless','816513614'),(481,'Vary','Even','899413854'),(491,'Gilbert','Massacre','856246466'),(501,'Mr.','T','865858585'),(511,'Cross','Fitter','868165125'),(521,'This','Time','8461568161'),(531,'Really ','Badly','846181513'),(541,'Saul','Goodman','8414631144'),(551,'Carrot','Steamed','846315631'),(561,'Zamayla','Chan','835505050'),(571,'Sunny','Saturday','861351513'),(581,'Gideon','Argus','8463516813'),(591,'Jackson','Galaxy','846356132'),(601,'Seth','Rogen','845151223'),(611,'Ace','Ventura','8435135135'),(621,'Django','Sukiyaki','841314315'),(631,'John','Wick','843513515'),(641,'Not ','Working','984651351'),(651,'Osborne Hodkiewicz','Nader','+1643046552518'),(661,'Vivien Zieme','Lakin','+9690939258924'),(671,'Zora Donnelly','Keeling','+7946260110689'),(681,'Ceasar Pfeffer','Armstrong','+5169407213619'),(691,'Fannie Gutkowski','Schaden','+4778569268134'),(701,'Mariana Windler','Hessel','+6662510958997'),(711,'Don Towne V','Ward','+1920941817950'),(721,'Wiley Sipes','Rath','+6189694887259'),(731,'Mercedes Boyle','Stamm','+2452714487250'),(741,'William Corwin MD','Kling','+4924479801801'),(751,'Andreanne Corkery DVM','Schulist','+6835928787946'),(761,'Lesly Kihn','Abernathy','+2222623628566'),(771,'Laurianne Torp','Bartoletti','+5690390123478'),(781,'Ramona Konopelski III','Gulgowski','+3366393184476'),(791,'Gretchen Keebler IV','Dibbert','+8911029866179'),(801,'Maxime Kozey IV','Volkman','+1523318095168'),(811,'Lisette Heathcote','Waelchi','+5611099407825'),(821,'Dr. Josie Hessel II','Anderson','+4698927499615'),(831,'Nya Hansen','Kohler','+2071523391945'),(841,'Hyman Mohr','Mraz','+4804006888808'),(851,'Dr. Ewell Bayer','Ledner','+4426045400261'),(861,'Prof. Alden Schmitt','Kuphal','+5618482800684'),(871,'Shemar Crist II','Hegmann','+4319831288676'),(881,'Javonte Bode','Hermiston','+4757302218287'),(891,'Sincere Parisian','Kshlerin','+6412238992299'),(901,'Dr. Maria Reilly','Schroeder','+9935386620682'),(911,'Merlin Jaskolski','Block','+1854060108241'),(921,'Thea Schinner','Hilpert','+7738134637650'),(931,'Georgianna Rogahn','Fay','+4488583665663'),(941,'Miss Eve Kihn III','Ziemann','+7409408880138'),(951,'Mr. Donnell Langworth','Quigley','+3141766123642'),(961,'Angus Graham','Kirlin','+5661304068026'),(971,'Brayan Reichert','Wisozk','+9646120371244'),(981,'Dr. Jevon Fahey IV','Wehner','+8478758560834'),(991,'Moses Murray','Gaylord','+5595283451492'),(1011,'Prof. Ozella Roberts DVM','Daugherty','+2548747865203'),(1021,'Faye Leffler','DuBuque','+1275601489071'),(1031,'Prof. Aaliyah Zulauf Sr.','Watsica','+8597022487977'),(1041,'Mrs. Pink Conroy DDS','Brakus','+7400690486757'),(1051,'Alena Abbott I','Fay','+4477897457424'),(1061,'Terrell Goldner','Dibbert','+5515489873643'),(1071,'Laurine Swaniawski','Mante','+2226368553382'),(1081,'Jaylan Barrows','Leuschke','+1551791526431'),(1091,'Kailee Schiller','Green','+7859498293023'),(1101,'Ernestine Sawayn','Towne','+5557395593521'),(1111,'Dr. Aida Tromp','Stark','+4490090826997'),(1121,'Dianna Nolan V','McClure','+1934770529137'),(1131,'Prof. Anita Dicki Jr.','Friesen','+3187763086683'),(1141,'Carolyn Hintz','Hudson','+8112869953894'),(1151,'Janessa Adams','Smitham','+9183257295594'),(1161,'Augustine Walter','Turcotte','+8362410703400'),(1171,'Vicky Gulgowski','Simonis','+1070550172988'),(1181,'Veronica Sawayn','Johnston','+5619653687061'),(1191,'Kieran Schuppe','Ullrich','+2027779845246'),(1201,'Yazmin Gaylord','Spencer','+7340782958460'),(1211,'Johan Bode','Swift','+4612172470640'),(1221,'Tatyana Bartoletti','Ondricka','+9465976549063'),(1231,'Nelle Crona','Jacobi','+4845822824519'),(1241,'Kadin Leffler MD','Dietrich','+4191504302785'),(1251,'Chet Schneider','Bergstrom','+8481087683385'),(1261,'Darren Walker Sr.','Wilderman','+7594414563483'),(1271,'Tommie Grimes','Jacobi','+8644871467635'),(1281,'Theron Barton','Conn','+9130029393246'),(1291,'Dr. Freeda Cartwright V','Gulgowski','+2480001261259'),(1301,'Mossie Sawayn','Spinka','+7237885597678'),(1311,'Gussie Bode','Feest','+4752566612787'),(1321,'Gaylord McCullough DVM','White','+3754693738415'),(1331,'Dennis Harvey IV','Monahan','+1162347550538'),(1341,'Monica Schneider','Ledner','+6966168437701'),(1351,'Trey Schowalter','Kihn','+9076181194163'),(1361,'Dr. Kody Koepp Sr.','Bins','+7423254163925'),(1371,'Giles Lakin PhD','Streich','+6198752891527'),(1391,'Prof. Kamren Casper II','Crist','+3947140323380'),(1401,'Kitty Langworth','Wolf','+3259153471705'),(1411,'Zula Goyette MD','Treutel','+4597816757093'),(1421,'Mandy Terry','Bayer','+9207372412532'),(1431,'Eliza Cassin','Dooley','+9175968017165'),(1441,'Estrella Becker IV','Armstrong','+3230841190462'),(1451,'Mr. Donnie Renner','Heidenreich','+3269062659328'),(1461,'Deontae Kunze III','Boehm','+8830817751762'),(1471,'Elenor Ebert MD','Langworth','+4505597027040'),(1481,'Larue Hoeger III','Rodriguez','+7775016796470'),(1491,'Darius Kovacek','Larkin','+7379033568995'),(1501,'Francesco Marquardt','Reichert','+5676530499667'),(1511,'Dr. Wilford Douglas','Fritsch','+2829001195494'),(1521,'Ms. Leta Bogan','Marvin','+3137781556400'),(1531,'Damian Lemke MD','Murray','+5155272881108'),(1541,'Jace Jaskolski','Mraz','+8039116734979'),(1551,'Prof. Marjorie Bechtelar PhD','Robel','+6223729850549'),(1561,'Berneice VonRueden','White','+6319057458570'),(1571,'Lavinia Gibson','Gibson','+9873278694365'),(1581,'Carmen Rodriguez MD','Lockman','+2607617891160'),(1591,'Prof. Wellington Dickinson I','Cruickshank','+1718578714223'),(1601,'Nicola Bode','Feil','+4452942530324'),(1611,'Cathrine Nikolaus','Jacobi','+9218079111373'),(1621,'Kip Beier','Tromp','+8685843010746'),(1631,'Nadia Reynolds Sr.','Fay','+9596685114541'),(1641,'Prof. Beulah Mertz','Runolfsson','+4242374483788'),(1651,'Eliezer Kuhlman','Lind','+5583780029204'),(1661,'Prof. Beulah Osinski','Leannon','+5365584532317'),(1671,'Alexandro Hoppe','Nolan','+4345686773833'),(1681,'Barrett Dooley','Parisian','+9497755085842'),(1691,'Mateo Frami','Ledner','+4290740082618'),(1701,'Alexzander Walter','Cremin','+5818983205383'),(1711,'Emely Botsford','McDermott','+2764666186444'),(1721,'Drake Cole','Bahringer','+5544672440910'),(1731,'Armando Feest','West','+7309690393814'),(1741,'Antonetta Russel','Thiel','+3868701019502'),(1751,'Prof. Burley Greenfelder','Mayert','+6728874387341'),(1761,'Garret Dach','Bins','+8865185522993'),(1771,'Edwina Herman III','Boyer','+1136245865026'),(1781,'Hertha Yundt','Hauck','+2278413258038'),(1791,'Miguel Becker V','Fadel','+6973522571111'),(1801,'Kameron Roob','Hodkiewicz','+1971787303286'),(1811,'Rocio Dooley','Green','+8103086349325'),(1821,'Ellis Schuppe DDS','Kassulke','+6205842428724'),(1831,'Dr. Ramiro Kunze DDS','Blanda','+3038615672940'),(1841,'Waino Bogan','Harvey','+8453838786232'),(1851,'Mr. Ward Spinka','Shanahan','+4945248898900'),(1861,'Carey Olson','Spinka','+2526417277013'),(1871,'Neha Bogan','Mante','+7603104412738'),(1881,'Durward Gleichner III','Langworth','+2152892886330'),(1891,'Josianne Wyman','Rolfson','+4777969255922'),(1901,'Mrs. Allie Deckow','Walker','+8477877946992'),(1911,'Jefferey McCullough','Wilderman','+5153345108711'),(1921,'Elissa West DVM','Rippin','+3429173175138'),(1931,'Marcella Glover','Frami','+5537242297998'),(1941,'Dejah Schultz','Farrell','+7477076590439'),(1951,'Queenie Runolfsdottir','Willms','+8743871392838'),(1961,'Mrs. Althea Dickens','Langosh','+4830501812396'),(1971,'Easton Brakus IV','Price','+2604992646082'),(1981,'Mr. Paolo Ziemann','Corkery','+2732293499475'),(1991,'Tressa Gibson','Reynolds','+4473576409973'),(2001,'Norbert Lind','McLaughlin','+2503090210314'),(2011,'Mr. Ole Ferry','Emmerich','+1123970836492'),(2021,'Emmitt Wiza','Wilkinson','+3061776631738'),(2041,'Buddy Effertz','Glover','+1571189707660'),(2051,'Dylan Kunze','Cormier','+5020525351952'),(2061,'Prof. Hillary Schroeder','Gleason','+4279653449410'),(2071,'Minerva Mills','Denesik','+9331340160604'),(2081,'Angel Luettgen','Koch','+1190031871866'),(2091,'Miss Leann Hilpert','Altenwerth','+1751598254940'),(2101,'Jeramie Schuster MD','Schultz','+2130131451932'),(2111,'Olen Erdman','Ortiz','+1270344366128'),(2121,'Ms. Meda Prohaska','Schmeler','+7581230840345'),(2131,'Chaz Hirthe','Cremin','+3087672142382'),(2141,'Madison Kertzmann','Becker','+1863518956220'),(2151,'Toni Langworth','Little','+2630536459623'),(2161,'Maryse Schumm','Fahey','+5448664100227'),(2171,'Reed Boyer','Spinka','+6223064614745'),(2181,'Heath Brekke','Pouros','+9299282925766'),(2191,'Moshe Sawayn','Volkman','+1449254445666'),(2201,'Mrs. Eryn Kunde Jr.','Metz','+9314641377803'),(2211,'Josie Schamberger','Bergnaum','+6544481358811'),(2221,'Noemi Powlowski','Volkman','+2910903106024'),(2231,'Kathlyn Abshire','Dach','+9010274083142'),(2241,'Verdie Lockman','Cartwright','+7528732744444'),(2251,'Dr. Chadd Kiehn','Rath','+2112965074400'),(2261,'Zackary Cartwright','West','+5686192751380'),(2271,'Martine Corkery','Will','+8480514856446'),(2281,'Gertrude Dibbert','Emard','+1161006126308'),(2291,'Madie Koepp','Wisozk','+9062617114905'),(2301,'Raleigh Hammes','Connelly','+8965561389939'),(2311,'Cleve Bode','Rau','+1835803992732'),(2331,'Abigail Steuber','Dietrich','+4804921549523'),(2341,'Constantin Bins Jr.','Torphy','+4837294221822'),(2351,'Flavio Sipes','Wyman','+2754811237373'),(2361,'Dr. Nasir Lindgren II','Kiehn','+1460744878830'),(2371,'Libbie Zieme','Krajcik','+1161562395376'),(2391,'Travon Koepp','Stanton','+5598175266303'),(2411,'Mrs. Paula Altenwerth','Feest','+5786739761312'),(2421,'Mazie Greenholt Jr.','Weber','+9906670321178'),(2431,'Mrs. Darlene Leffler','Upton','+9744070871236'),(2441,'Rogelio Cassin','Hammes','+3724752675018'),(2451,'Kennith Barton PhD','Koss','+3740497419312'),(2461,'Americo Dickens Jr.','Stroman','+5193243503741'),(2471,'Dr. Rico Mosciski','VonRueden','+7996845821333'),(2481,'Emile Senger','Grady','+6542736818494'),(2491,'Monroe Stiedemann','Conroy','+2644852145686'),(2501,'Larry Langosh III','Gusikowski','+5994777460358'),(2511,'Prof. Mervin Renner','Jenkins','+3889743045561'),(2521,'Dr. Monty Corwin','Nienow','+1885280714811'),(2531,'Isai Hane V','Gutkowski','+3970609395234'),(2541,'Tiana Breitenberg','Cartwright','+7899029168538'),(2551,'Prof. Elyse Kohler IV','Hyatt','+4621649012831'),(2561,'Hallie Lemke','Lindgren','+7017756552597'),(2571,'Dr. Daphne Herzog','Friesen','+1871787473531'),(2581,'Diana Green','Von','+4946304810123'),(2591,'Ian Murphy','Harvey','+3832536127974'),(2601,'Brooks Feil Sr.','Schaden','+8784561650181'),(2611,'Dr. Margaret Nolan V','Hessel','+5855858460081'),(2621,'Alanna Lakin','Casper','+5551259475794'),(2631,'Nolan Feest','Rath','+6501782920011'),(2641,'Rylan Nitzsche III','Treutel','+7512268753183'),(2651,'Johnny Kuhic','Hessel','+3278656195665'),(2661,'Mr. Keven Tillman PhD','Schoen','+3497704539080'),(2671,'Noemie Koelpin IV','Breitenberg','+3997740381466'),(2681,'Thalia Tremblay','Auer','+1354181184603'),(2691,'Lucinda Pfeffer','Hettinger','+9097867180680'),(2701,'Soledad Collier','Dickens','+3486142576405'),(2711,'Dr. Rafael Witting','Adams','+9773058414055'),(2731,'Dr. Ismael Batz IV','Kilback','+8753976436889'),(2741,'Nels Zulauf','Friesen','+1062729120482'),(2751,'Jany Gutmann','Wilderman','+6949519600967'),(2761,'Jeanie Kerluke','Stroman','+9399892202081'),(2771,'Brayan King','Oberbrunner','+9808484029374'),(2781,'Prof. Antonietta Jast','Jacobs','+4389769981280'),(2791,'Russ Dibbert','Hills','+2660145535766'),(2801,'Madisen Boyer','Smith','+9251878886444'),(2811,'Dr. Mohammed Hilpert','Prohaska','+7816921413777'),(2821,'Mrs. Janessa Thiel PhD','Rosenbaum','+7273811573152'),(2831,'Aurelio Roberts','Gutkowski','+9165971305668'),(2841,'Cordelia Hamill I','Ankunding','+9125631070750'),(2851,'Monserrat Hudson','Wiza','+5645346406682'),(2861,'Letitia Keeling II','Yost','+8996280524919'),(2871,'Dr. Domingo Block Jr.','Hills','+7392180167662'),(2881,'Sedrick Koelpin III','Grimes','+1507503561689'),(2891,'Prof. Ahmed Dicki V','Ankunding','+9320610764251'),(2901,'Mr. Logan Jast I','Jerde','+7686326937917'),(2911,'Dr. Eloy Douglas DDS','Keebler','+6716899752019'),(2921,'Frida Klocko','Howe','+7358350573050'),(2931,'Alexandrea McLaughlin','Lebsack','+8594275180451'),(2941,'Katlynn Schuster','Murray','+3963320941052'),(2951,'Prof. Glenda Kulas','Medhurst','+9934400427831'),(2961,'Weldon Luettgen','Lemke','+7410601322311'),(2971,'Pattie McKenzie','Schultz','+1546822440739'),(2981,'Mr. Carson Hahn','Moen','+7401145144021'),(2991,'Brant Klocko','Kirlin','+1003222179599'),(3001,'Skyla Roob PhD','Rogahn','+3401126223350'),(3011,'Dr. Joanie Schmeler','Bernier','+6248672916603'),(3021,'Elenora Mann','Wintheiser','+4996292985088'),(3031,'Dulce Beahan','Nicolas','+6449828209055'),(3041,'Amalia Keebler','Goodwin','+5864357487520'),(3051,'Miss Eve Luettgen DDS','Olson','+3601882893024'),(3061,'Dr. Sigmund Streich III','King','+4205366166419'),(3071,'Emely Tremblay','Wiza','+8698330107716'),(3081,'Prof. Carmen Rippin Jr.','Bashirian','+7512626282544'),(3091,'Adam Hoeger','Reichert','+8959149659944'),(3101,'Katarina Walter MD','Altenwerth','+2937070950684'),(3111,'Dr. Jason Keebler IV','Kirlin','+5516231578323'),(3121,'Estrella Blanda','Oberbrunner','+9992450573960'),(3131,'Dr. Oral Marks PhD','VonRueden','+2378702177318'),(3141,'Willa Bergstrom MD','Crooks','+2798104312044'),(3151,'Cleo Mayer','Parker','+4757172789093'),(3181,'Fredy Sipes Sr.','Gulgowski','+5437190637466'),(3191,'Leonard Lebsack III','Pfeffer','+4667556370317'),(3201,'Ronny Cassin','Flatley','+8231355399931'),(3211,'Manuel Ernser','Towne','+3553525402241'),(3221,'Chadrick Larson','Miller','+1208752188496'),(3231,'Katelynn Conroy','Deckow','+1714018253687'),(3241,'Dr. Delaney Lang V','Turcotte','+4539505166493'),(3251,'Mrs. Alessia Bogisich DVM','Runte','+5820809311734'),(3261,'Kyler Schulist','Will','+2031800157014'),(3271,'Aracely Kunde','Cummings','+4611190001339'),(3281,'Mr. Greg Emard','Ebert','+8106548809111'),(3291,'Nora Wintheiser','Schaefer','+8825234310365'),(3301,'Nathanael Lang','Hoppe','+1353377187616'),(3311,'Leanne Boehm','Schulist','+4773137042018'),(3321,'Mr. Randy Becker III','Cremin','+7527896670427'),(3331,'Jacklyn Littel','Jakubowski','+6754932798216'),(3341,'Miss Mariah Cartwright Jr.','Ritchie','+6702218079516'),(3351,'Zane Ledner','Kessler','+7888480815145'),(3361,'Torrance Schaefer V','Jakubowski','+5702049139632'),(3371,'Nya Schneider','Torp','+3409562260317'),(3381,'Myrtle Kertzmann','Lang','+6582224589592'),(3391,'Alvera Tromp','Leffler','+3802114627746'),(3401,'Miss Neha Hyatt','Kreiger','+4190848549545'),(3411,'Dejuan Feil','Predovic','+3706363403070'),(3421,'Lauryn Quitzon','Greenholt','+2397341221653'),(3431,'Claudine Schuster','Kutch','+5006137231991'),(3441,'Gracie Howell III','Blick','+6946941023485'),(3451,'Ms. Krista Reynolds MD','Rosenbaum','+2006109031248'),(3461,'Karlee Schaefer','Okuneva','+3660135454360'),(3471,'Dr. Catherine Windler','Hackett','+8022269615007'),(3481,'Rebekah Nicolas','Reichel','+6669788793788'),(3491,'Katrine Leuschke','Kris','+3159215132860'),(3501,'Dr. Adonis Windler','VonRueden','+8904151754533'),(3521,'Andre Haag','Lowe','+4081190077839'),(3531,'asdasd','asdad','asdasd'),(3541,'test','test','test'),(3551,'test','test','55555'),(3561,'qwe','qwe','ttttt'),(3571,'qwe','qwe','tttttaa'),(3581,'reserv','asd','3456'),(3591,'a','v','678900'),(3601,'test','test','45435345'),(3611,'testas','testas','45555555'),(3621,'test123','test','33333333');
/*!40000 ALTER TABLE `customer` ENABLE KEYS */;
UNLOCK TABLES;

--
-- Table structure for table `reservation`
--

DROP TABLE IF EXISTS `reservation`;
/*!40101 SET @saved_cs_client     = @@character_set_client */;
/*!40101 SET character_set_client = utf8 */;
CREATE TABLE `reservation` (
  `id` int(10) unsigned NOT NULL AUTO_INCREMENT,
  `customer_id` int(10) unsigned NOT NULL,
  `reservationDate` date DEFAULT NULL,
  `arrivalTime` time DEFAULT NULL,
  PRIMARY KEY (`id`),
  UNIQUE KEY `unique_index` (`reservationDate`,`arrivalTime`),
  KEY `customer_id` (`customer_id`)
) ENGINE=InnoDB AUTO_INCREMENT=7462 DEFAULT CHARSET=utf8;
/*!40101 SET character_set_client = @saved_cs_client */;

--
-- Dumping data for table `reservation`
--

LOCK TABLES `reservation` WRITE;
/*!40000 ALTER TABLE `reservation` DISABLE KEYS */;
INSERT INTO `reservation` VALUES (4211,661,'2019-01-14','15:30:00'),(4221,671,'2019-01-15','11:45:00'),(4241,691,'2019-01-14','19:15:00'),(4251,701,'2019-01-04','18:15:00'),(4261,711,'2019-01-08','18:30:00'),(4271,721,'2019-01-10','19:45:00'),(4281,731,'2019-01-07','14:45:00'),(4291,741,'2019-01-01','15:45:00'),(4301,751,'2019-01-12','17:30:00'),(4311,761,'2019-01-09','14:45:00'),(4321,771,'2019-01-02','11:45:00'),(4331,781,'2019-01-07','10:45:00'),(4341,791,'2019-01-11','12:30:00'),(4351,801,'2019-01-11','11:30:00'),(4361,811,'2019-01-09','14:00:00'),(4371,821,'2019-01-14','15:45:00'),(4381,831,'2019-01-04','17:00:00'),(4391,841,'2019-01-03','18:00:00'),(4401,851,'2019-01-07','11:00:00'),(4411,851,'2019-02-11','12:45:00'),(4421,851,'2019-02-09','14:15:00'),(4431,861,'2019-02-10','10:15:00'),(4441,861,'2019-02-08','18:15:00'),(4451,871,'2019-02-10','19:30:00'),(4461,871,'2019-02-09','18:15:00'),(4471,881,'2019-02-11','18:00:00'),(4481,881,'2019-02-12','18:30:00'),(4491,891,'2019-02-09','15:30:00'),(4501,891,'2019-02-11','18:45:00'),(4511,901,'2019-02-10','10:00:00'),(4531,911,'2019-02-09','17:00:00'),(4541,911,'2019-02-09','13:45:00'),(4551,921,'2019-02-11','19:30:00'),(4561,921,'2019-02-12','11:30:00'),(4571,931,'2019-02-10','19:15:00'),(4581,931,'2019-02-11','15:00:00'),(4591,941,'2019-02-08','14:45:00'),(4601,941,'2019-02-08','12:00:00'),(4611,951,'2019-02-09','15:15:00'),(4631,951,'2019-02-08','15:00:00'),(4641,961,'2019-02-10','15:30:00'),(4651,961,'2019-02-11','19:15:00'),(4661,961,'2019-02-11','10:00:00'),(4671,971,'2019-02-09','10:45:00'),(4681,971,'2019-02-11','13:30:00'),(4691,971,'2019-02-12','19:15:00'),(4711,981,'2019-02-10','12:30:00'),(4721,981,'2019-02-10','13:30:00'),(4731,991,'2019-02-12','18:00:00'),(4741,991,'2019-02-09','15:45:00'),(4751,991,'2019-02-10','19:45:00'),(4761,1001,'2019-02-11','14:30:00'),(4771,1001,'2019-02-12','11:15:00'),(4781,1001,'2019-02-11','15:30:00'),(4791,1001,'2019-02-09','18:30:00'),(4801,1011,'2019-02-09','19:15:00'),(4821,1011,'2019-02-11','19:45:00'),(4831,1011,'2019-02-11','18:30:00'),(4851,1021,'2019-02-12','19:45:00'),(4861,1021,'2019-02-11','16:30:00'),(4871,1021,'2019-02-09','14:00:00'),(4881,1031,'2019-02-11','14:45:00'),(4891,1031,'2019-02-11','11:15:00'),(4901,1031,'2019-02-12','14:15:00'),(4911,1031,'2019-02-12','13:15:00'),(4931,1041,'2019-02-12','15:00:00'),(4941,1041,'2019-02-09','12:45:00'),(4951,1041,'2019-02-11','10:15:00'),(4961,1051,'2019-02-24','18:00:00'),(4971,1061,'2019-02-20','11:45:00'),(4981,1071,'2019-02-24','14:15:00'),(4991,1081,'2019-02-24','14:00:00'),(5001,1091,'2019-02-24','18:30:00'),(5011,1101,'2019-02-26','10:00:00'),(5021,1111,'2019-02-23','16:45:00'),(5031,1121,'2019-02-19','10:30:00'),(5041,1131,'2019-02-21','15:15:00'),(5051,1141,'2019-02-25','11:45:00'),(5061,1151,'2019-02-22','15:00:00'),(5071,1161,'2019-02-26','13:00:00'),(5081,1171,'2019-02-25','15:15:00'),(5091,1181,'2019-02-26','19:15:00'),(5101,1191,'2019-02-22','17:00:00'),(5111,1201,'2019-02-23','17:15:00'),(5121,1211,'2019-02-20','11:30:00'),(5131,1221,'2019-02-26','14:00:00'),(5141,1231,'2019-02-23','19:15:00'),(5151,1241,'2019-02-24','19:45:00'),(5161,1251,'2019-02-25','10:00:00'),(5171,1261,'2019-02-20','10:15:00'),(5181,1271,'2019-02-19','13:15:00'),(5201,1291,'2019-02-20','10:00:00'),(5211,1301,'2019-02-16','15:30:00'),(5221,1311,'2019-02-13','16:30:00'),(5241,1331,'2019-02-17','15:30:00'),(5251,1341,'2019-02-14','17:00:00'),(5261,1351,'2019-02-13','13:15:00'),(5271,1361,'2019-02-11','17:45:00'),(5281,1371,'2019-02-13','12:00:00'),(5301,1391,'2019-02-17','10:30:00'),(5311,1401,'2019-02-14','17:15:00'),(5321,1411,'2019-02-12','12:00:00'),(5331,1421,'2019-02-13','10:30:00'),(5341,1431,'2019-02-13','13:00:00'),(5351,1441,'2019-02-11','13:15:00'),(5361,1451,'2019-02-14','15:30:00'),(5371,1461,'2019-02-17','13:00:00'),(5381,1471,'2019-02-13','17:45:00'),(5391,1481,'2019-02-13','11:00:00'),(5401,1491,'2019-02-15','17:30:00'),(5411,1501,'2019-02-12','15:15:00'),(5421,1511,'2019-02-12','17:30:00'),(5431,1521,'2019-02-11','11:45:00'),(5451,1541,'2019-02-14','13:30:00'),(5461,1551,'2019-02-14','16:15:00'),(5471,1561,'2019-02-11','15:15:00'),(5481,1571,'2019-02-13','15:30:00'),(5491,1581,'2019-02-16','14:00:00'),(5511,1601,'2019-02-17','16:30:00'),(5521,1611,'2019-02-13','18:45:00'),(5531,1621,'2019-02-13','13:45:00'),(5541,1631,'2019-02-14','14:45:00'),(5551,1641,'2019-02-14','15:45:00'),(5571,1661,'2019-02-17','14:15:00'),(5581,1671,'2019-02-14','16:45:00'),(5601,1691,'2019-02-18','18:30:00'),(5611,1701,'2019-02-15','18:30:00'),(5641,1731,'2019-02-13','14:00:00'),(5651,1741,'2019-02-11','14:15:00'),(5661,1751,'2019-02-15','19:45:00'),(5671,1761,'2019-02-15','12:30:00'),(5681,1771,'2019-02-17','19:00:00'),(5691,1781,'2019-02-12','19:30:00'),(5701,1791,'2019-02-17','17:45:00'),(5711,1801,'2019-02-14','14:30:00'),(5721,1811,'2019-02-16','15:00:00'),(5731,1821,'2019-02-15','10:30:00'),(5741,1831,'2019-02-15','13:00:00'),(5751,1841,'2019-02-12','10:45:00'),(5761,1851,'2019-02-12','16:00:00'),(5771,1861,'2019-02-16','19:00:00'),(5781,1871,'2019-02-16','18:45:00'),(5791,1881,'2019-02-14','17:30:00'),(5801,1891,'2019-02-16','19:45:00'),(5821,1911,'2019-02-14','18:15:00'),(5831,1921,'2019-02-13','14:15:00'),(5841,1931,'2019-02-12','17:45:00'),(5851,1941,'2019-02-17','13:45:00'),(5881,1971,'2019-02-17','10:00:00'),(5891,1981,'2019-02-16','14:15:00'),(5921,2011,'2019-02-16','17:30:00'),(5931,2021,'2019-02-14','11:15:00'),(5941,2031,'2019-02-16','17:45:00'),(5951,2041,'2019-02-18','16:00:00'),(5961,2051,'2019-02-12','18:45:00'),(5971,2061,'2019-02-13','18:00:00'),(6001,2091,'2019-02-13','15:15:00'),(6011,2101,'2019-02-13','17:30:00'),(6021,2111,'2019-02-14','14:00:00'),(6031,2121,'2019-02-13','12:45:00'),(6041,2131,'2019-02-17','19:15:00'),(6051,2141,'2019-02-16','13:45:00'),(6061,2151,'2019-02-16','15:45:00'),(6071,2161,'2019-02-14','19:00:00'),(6091,2181,'2019-02-15','15:45:00'),(6101,2191,'2019-02-15','10:15:00'),(6111,2201,'2019-02-15','14:00:00'),(6131,2221,'2019-02-12','14:00:00'),(6151,2241,'2019-02-12','14:45:00'),(6161,2251,'2019-02-15','11:00:00'),(6181,2271,'2019-02-15','11:30:00'),(6191,2281,'2019-02-12','16:30:00'),(6201,2291,'2019-02-16','13:15:00'),(6251,2341,'2019-02-15','12:00:00'),(6261,2351,'2019-02-12','13:30:00'),(6271,2361,'2019-02-16','11:15:00'),(6281,2371,'2019-02-13','18:15:00'),(6291,2381,'2019-02-16','16:30:00'),(6311,2401,'2019-02-15','16:00:00'),(6351,2441,'2019-02-15','19:15:00'),(6361,2451,'2019-02-15','14:15:00'),(6371,2461,'2019-02-10','16:15:00'),(6401,2491,'2019-02-10','15:45:00'),(6411,2501,'2019-02-13','15:45:00'),(6421,2511,'2019-02-14','17:45:00'),(6441,2531,'2019-02-12','11:00:00'),(6461,2551,'2019-02-14','14:15:00'),(6471,2561,'2019-02-11','13:45:00'),(6481,2571,'2019-02-16','10:45:00'),(6501,2591,'2019-02-16','11:30:00'),(6511,2601,'2019-02-11','12:15:00'),(6521,2611,'2019-02-16','15:15:00'),(6541,2631,'2019-02-18','18:45:00'),(6581,2671,'2019-02-16','10:30:00'),(6591,2681,'2019-02-12','11:45:00'),(6611,2701,'2019-02-10','18:15:00'),(6631,2721,'2019-02-17','11:15:00'),(6641,2731,'2019-02-14','19:45:00'),(6661,2751,'2019-02-18','13:30:00'),(6681,2771,'2019-02-10','16:00:00'),(6691,2781,'2019-02-11','12:00:00'),(6701,2791,'2019-02-13','17:15:00'),(6721,2811,'2019-02-13','12:15:00'),(6751,2841,'2019-02-16','10:15:00'),(6771,2861,'2019-02-15','10:00:00'),(6781,2871,'2019-02-15','13:15:00'),(6791,2881,'2019-02-12','12:45:00'),(6841,2931,'2019-02-11','14:00:00'),(6871,2961,'2019-02-13','11:30:00'),(6891,2981,'2019-02-11','16:00:00'),(6931,3021,'2019-02-16','17:15:00'),(6961,3051,'2019-02-14','12:15:00'),(6971,3061,'2019-02-14','10:45:00'),(6991,3081,'2019-02-14','15:00:00'),(7001,3091,'2019-02-12','10:15:00'),(7021,3111,'2019-02-14','16:00:00'),(7031,3121,'2019-02-12','12:15:00'),(7061,3151,'2019-02-17','10:45:00'),(7071,3161,'2019-02-17','18:00:00'),(7101,3191,'2019-02-14','18:45:00'),(7111,3201,'2019-02-12','16:45:00'),(7141,3231,'2019-02-10','19:00:00'),(7171,3261,'2019-02-13','16:00:00'),(7181,3271,'2019-02-10','11:30:00'),(7191,3281,'2019-02-13','11:45:00'),(7221,3311,'2019-02-13','15:00:00'),(7251,3341,'2019-02-12','18:15:00'),(7281,3371,'2019-02-18','11:15:00'),(7291,3381,'2019-02-13','19:15:00'),(7301,3391,'2019-02-13','10:00:00'),(7311,3401,'2019-02-18','17:30:00'),(7341,3431,'2019-02-11','10:30:00'),(7351,3441,'2019-02-15','14:45:00'),(7371,3461,'2019-02-17','15:15:00'),(7381,3471,'2019-02-17','10:15:00'),(7401,3491,'2019-02-14','10:15:00'),(7411,3501,'2019-02-10','13:00:00'),(7421,3511,'2019-02-15','10:45:00'),(7431,3591,'2019-02-19','11:45:00'),(7441,3601,'2019-02-19','10:45:00'),(7461,3621,'2019-02-19','10:15:00');
/*!40000 ALTER TABLE `reservation` ENABLE KEYS */;
UNLOCK TABLES;
/*!40103 SET TIME_ZONE=@OLD_TIME_ZONE */;

/*!40101 SET SQL_MODE=@OLD_SQL_MODE */;
/*!40014 SET FOREIGN_KEY_CHECKS=@OLD_FOREIGN_KEY_CHECKS */;
/*!40014 SET UNIQUE_CHECKS=@OLD_UNIQUE_CHECKS */;
/*!40101 SET CHARACTER_SET_CLIENT=@OLD_CHARACTER_SET_CLIENT */;
/*!40101 SET CHARACTER_SET_RESULTS=@OLD_CHARACTER_SET_RESULTS */;
/*!40101 SET COLLATION_CONNECTION=@OLD_COLLATION_CONNECTION */;
/*!40111 SET SQL_NOTES=@OLD_SQL_NOTES */;

-- Dump completed on 2019-02-19 22:47:38
